threshold,TP,FN,TN,FP,sensitivity,specificity,precision,f1,ood_false_accept_rate,in_scope_false_reject_rate
0.3,120,0,40,0,1.0,1.0,1.0,1.0,0.0,0.0
0.31,120,0,40,0,1.0,1.0,1.0,1.0,0.0,0.0
0.32,120,0,40,0,1.0,1.0,1.0,1.0,0.0,0.0
0.33,120,0,40,0,1.0,1.0,1.0,1.0,0.0,0.0
0.34,120,0,40,0,1.0,1.0,1.0,1.0,0.0,0.0
0.35,120,0,40,0,1.0,1.0,1.0,1.0,0.0,0.0
0.36,120,0,40,0,1.0,1.0,1.0,1.0,0.0,0.0
0.37,120,0,40,0,1.0,1.0,1.0,1.0,0.0,0.0
0.38,120,0,40,0,1.0,1.0,1.0,1.0,0.0,0.0
0.39,120,0,40,0,1.0,1.0,1.0,1.0,0.0,0.0
0.4,120,0,40,0,1.0,1.0,1.0,1.0,0.0,0.0
0.41,120,0,40,0,1.0,1.0,1.0,1.0,0.0,0.0
0.42,120,0,40,0,1.0,1.0,1.0,1.0,0.0,0.0
0.43,120,0,40,0,1.0,1.0,1.0,1.0,0.0,0.0
0.44,120,0,40,0,1.0,1.0,1.0,1.0,0.0,0.0
0.45,120,0,40,0,1.0,1.0,1.0,1.0,0.0,0.0
0.46,120,0,40,0,1.0,1.0,1.0,1.0,0.0,0.0
0.47,120,0,40,0,1.0,1.0,1.0,1.0,0.0,0.0
0.48,120,0,40,0,1.0,1.0,1.0,1.0,0.0,0.0
0.49,120,0,40,0,1.0,1.0,1.0,1.0,0.0,0.0
0.5,120,0,40,0,1.0,1.0,1.0,1.0,0.0,0.0
0.51,119,1,40,0,0.9916666666666667,1.0,1.0,0.99581589958159,0.0,0.008333333333333333
0.52,118,2,40,0,0.9833333333333333,1.0,1.0,0.9915966386554621,0.0,0.016666666666666666
0.53,118,2,40,0,0.9833333333333333,1.0,1.0,0.9915966386554621,0.0,0.016666666666666666
0.54,117,3,40,0,0.975,1.0,1.0,0.9873417721518987,0.0,0.025
0.55,116,4,40,0,0.9666666666666667,1.0,1.0,0.983050847457627,0.0,0.03333333333333333
0.56,115,5,40,0,0.9583333333333334,1.0,1.0,0.9787234042553191,0.0,0.041666666666666664
0.57,114,6,40,0,0.95,1.0,1.0,0.9743589743589743,0.0,0.05
0.58,113,7,40,0,0.9416666666666667,1.0,1.0,0.9699570815450643,0.0,0.058333333333333334
0.59,113,7,40,0,0.9416666666666667,1.0,1.0,0.9699570815450643,0.0,0.058333333333333334
0.6,112,8,40,0,0.9333333333333333,1.0,1.0,0.9655172413793104,0.0,0.06666666666666667
0.61,111,9,40,0,0.925,1.0,1.0,0.961038961038961,0.0,0.075
0.62,110,10,40,0,0.9166666666666666,1.0,1.0,0.9565217391304348,0.0,0.08333333333333333
0.63,110,10,40,0,0.9166666666666666,1.0,1.0,0.9565217391304348,0.0,0.08333333333333333
0.64,109,11,40,0,0.9083333333333333,1.0,1.0,0.9519650655021834,0.0,0.09166666666666666
0.65,106,14,40,0,0.8833333333333333,1.0,1.0,0.9380530973451328,0.0,0.11666666666666667
0.66,104,16,40,0,0.8666666666666667,1.0,1.0,0.9285714285714286,0.0,0.13333333333333333
0.67,100,20,40,0,0.8333333333333334,1.0,1.0,0.9090909090909091,0.0,0.16666666666666666
0.68,98,22,40,0,0.8166666666666667,1.0,1.0,0.8990825688073394,0.0,0.18333333333333332
0.69,96,24,40,0,0.8,1.0,1.0,0.888888888888889,0.0,0.2
0.7,94,26,40,0,0.7833333333333333,1.0,1.0,0.8785046728971964,0.0,0.21666666666666667
