id,artifact,provenance_score,artifact_pillar,gallery_pillar,score_pillar,evidence_pillar
DEI_ART001_1,ART001,4,1,1,1,1
DEI_ART001_2,ART001,4,1,1,1,1
DEI_ART001_3,ART001,4,1,1,1,1
DEI_ART001_4,ART001,4,1,1,1,1
DEI_ART001_5,ART001,4,1,1,1,1
DEI_ART001_6,ART001,4,1,1,1,1
DEI_ART002_1,ART002,4,1,1,1,1
DEI_ART002_2,ART002,4,1,1,1,1
DEI_ART002_3,ART002,4,1,1,1,1
DEI_ART002_4,ART002,4,1,1,1,1
DEI_ART002_5,ART002,4,1,1,1,1
DEI_ART002_6,ART002,4,1,1,1,1
DEI_ART003_1,ART003,4,1,1,1,1
DEI_ART003_2,ART003,4,1,1,1,1
DEI_ART003_3,ART003,4,1,1,1,1
DEI_ART003_4,ART003,4,1,1,1,1
DEI_ART003_5,ART003,4,1,1,1,1
DEI_ART003_6,ART003,4,1,1,1,1
DEI_ART004_1,ART004,4,1,1,1,1
DEI_ART004_2,ART004,4,1,1,1,1
DEI_ART004_3,ART004,4,1,1,1,1
DEI_ART004_4,ART004,4,1,1,1,1
DEI_ART004_5,ART004,4,1,1,1,1
DEI_ART004_6,ART004,4,1,1,1,1
DEI_ART005_1,ART005,4,1,1,1,1
DEI_ART005_2,ART005,4,1,1,1,1
DEI_ART005_3,ART005,4,1,1,1,1
DEI_ART005_4,ART005,4,1,1,1,1
DEI_ART005_5,ART005,4,1,1,1,1
DEI_ART005_6,ART005,4,1,1,1,1
DEI_ART006_1,ART006,4,1,1,1,1
DEI_ART006_2,ART006,4,1,1,1,1
DEI_ART006_3,ART006,4,1,1,1,1
DEI_ART006_4,ART006,4,1,1,1,1
DEI_ART006_5,ART006,4,1,1,1,1
DEI_ART006_6,ART006,4,1,1,1,1
DEI_ART007_1,ART007,4,1,1,1,1
DEI_ART007_2,ART007,4,1,1,1,1
DEI_ART007_3,ART007,4,1,1,1,1
DEI_ART007_4,ART007,4,1,1,1,1
DEI_ART007_5,ART007,4,1,1,1,1
DEI_ART007_6,ART007,4,1,1,1,1
DEI_ART008_1,ART008,4,1,1,1,1
DEI_ART008_2,ART008,4,1,1,1,1
DEI_ART008_3,ART008,4,1,1,1,1
DEI_ART008_4,ART008,4,1,1,1,1
DEI_ART008_5,ART008,4,1,1,1,1
DEI_ART008_6,ART008,4,1,1,1,1
DEI_ART009_1,ART009,4,1,1,1,1
DEI_ART009_2,ART009,4,1,1,1,1
DEI_ART009_3,ART009,4,1,1,1,1
DEI_ART009_4,ART009,4,1,1,1,1
DEI_ART009_5,ART009,4,1,1,1,1
DEI_ART009_6,ART009,4,1,1,1,1
DEI_ART010_1,ART010,4,1,1,1,1
DEI_ART010_2,ART010,4,1,1,1,1
DEI_ART010_3,ART010,4,1,1,1,1
DEI_ART010_4,ART010,4,1,1,1,1
DEI_ART010_5,ART010,4,1,1,1,1
DEI_ART010_6,ART010,4,1,1,1,1
DEI_ART011_1,ART011,4,1,1,1,1
DEI_ART011_2,ART011,4,1,1,1,1
DEI_ART011_3,ART011,4,1,1,1,1
DEI_ART011_4,ART011,4,1,1,1,1
DEI_ART011_5,ART011,4,1,1,1,1
DEI_ART011_6,ART011,4,1,1,1,1
DEI_ART012_1,ART012,4,1,1,1,1
DEI_ART012_2,ART012,4,1,1,1,1
DEI_ART012_3,ART012,4,1,1,1,1
DEI_ART012_4,ART012,4,1,1,1,1
DEI_ART012_5,ART012,4,1,1,1,1
DEI_ART012_6,ART012,4,1,1,1,1
DEI_ART013_1,ART013,4,1,1,1,1
DEI_ART013_2,ART013,4,1,1,1,1
DEI_ART013_3,ART013,4,1,1,1,1
DEI_ART013_4,ART013,4,1,1,1,1
DEI_ART013_5,ART013,4,1,1,1,1
DEI_ART013_6,ART013,4,1,1,1,1
DEI_ART014_1,ART014,4,1,1,1,1
DEI_ART014_2,ART014,4,1,1,1,1
DEI_ART014_3,ART014,4,1,1,1,1
DEI_ART014_4,ART014,4,1,1,1,1
DEI_ART014_5,ART014,4,1,1,1,1
DEI_ART014_6,ART014,4,1,1,1,1
DEI_ART015_1,ART015,4,1,1,1,1
DEI_ART015_2,ART015,4,1,1,1,1
DEI_ART015_3,ART015,4,1,1,1,1
DEI_ART015_4,ART015,4,1,1,1,1
DEI_ART015_5,ART015,4,1,1,1,1
DEI_ART015_6,ART015,4,1,1,1,1
